Method,Chi-Square Value
GraphSAINT,0.1128045
asgcn,1.4737962857142857
fastgcn,14.669504
grapes,0.02464475
ladies,3.207871375
